title,url,discounted_price,original_price
Authentic Vaporesso Target Mini II 2000mAh 50W TC Box Mod - Silver,https://www.cigabuy.com/authentic-vaporesso-target-mini-ii-2000mah-50w-tc-box-mod-silver-p-15516.html,$9.59,$31.77 
Authentic Joyetech Riftcore Duo RTA 3.5ML - Black,https://www.cigabuy.com/authentic-joyetech-riftcore-duo-rta-35ml-black-p-12623.html,$5.86,$49.21 
4 x Authentic Uwell Crown 5 FeCrAl UN2-2 Dual Meshed Coil 0.3ohm,https://www.cigabuy.com/4-x-authentic-uwell-crown-5-fecral-un2-2-dual-meshed-coil-03ohm-p-20281.html,,$18.92
2 x Authentic Uwell Valyrian II FeCrAl UN2 Single Meshed Coil 0.32ohm,https://www.cigabuy.com/2-x-authentic-uwell-valyrian-ii-fecral-un2-single-meshed-coil-032ohm-p-15097.html,$6.45,$8.83 
4 x Authentic Uwell Crown 5 FeCrAl UN2 Single Meshed Coil 0.23ohm,https://www.cigabuy.com/4-x-authentic-uwell-crown-5-fecral-un2-single-meshed-coil-023ohm-p-20280.html,,$14.93
4 x Authentic Uwell Crown 5 FeCrAl UN2-3 Triple Meshed Coil 0.2ohm,https://www.cigabuy.com/4-x-authentic-uwell-crown-5-fecral-un2-3-triple-meshed-coil-02ohm-p-20282.html,,$22.91
Authentic Uwell Crown Pod 1250mAh Pod System Kit - Grey,https://www.cigabuy.com/authentic-uwell-crown-pod-1250mah-pod-system-kit-grey-p-16657.html,$11.71,$37.32 
Authentic Wismec Luxotic 100W BF Squonk Kit - Swirled Metallic Resin,https://www.cigabuy.com/authentic-wismec-luxotic-100w-bf-squonk-kit-swirled-metallic-resin-p-12075.html,$14.30,$42.45 
4 x Authentic Uwell Caliburn G UN2 Meshed-H 0.8ohm Coil,https://www.cigabuy.com/4-x-authentic-uwell caliburn-g-un2-meshed-h-08ohm-coil-p-19943.html,,$14.57
Authentic Uwell Crown 5 5ml sub-ohm Tank Atomizer - Black,https://www.cigabuy.com/authentic-uwell-crown-5-5ml-sub-ohm-tank-atomizer-black-p-20264.html,,$34.86
5 x Authentic VOOPOO PnP-VM3 Single Mesh Coil 0.45ohm,https://www.cigabuy.com/5-x-authentic-voopoo-pnp-vm3-single-mesh-coil-045ohm-p-18288.html,$9.41,$13.52 
Authentic Uwell Crown 5 5ml sub-ohm Tank Atomizer - Blue,https://www.cigabuy.com/authentic-uwell-crown-5-5ml-sub-ohm-tank-atomizer-blue-p-20265.html,,$34.86
Authentic MECHLYFE Paramour SBS 80W TC MOD - Grey Black,https://www.cigabuy.com/authentic-mechlyfe-paramour-sbs-80w-tc-mod-grey-black-p-20336.html,,$79.11
Authentic Freemax Maxus 200W  Kit - Blue - Yellow,https://www.cigabuy.com/authentic-freemax-maxus-200w-kit-blue-yellow-p-19159.html,$50.31,$80.02 
Authentic VOOPOO DRAG Max 177W Kit with PNP Tank - Classic,https://www.cigabuy.com/authentic-voopoo-drag-max-177w-kit-with-pnp-tank-classic-p-20053.html,$38.52,$40.55 
Authentic Wotofo Profile RDTA  - Gunmetal,https://www.cigabuy.com/authentic-wotofo-profile-rdta-gunmetal-p-19385.html,$25.16,$42.63 
Authentic Uwell Crown 5 5ml sub-ohm Tank Atomizer - Silver,https://www.cigabuy.com/authentic-uwell-crown-5-5ml-sub-ohm-tank-atomizer-silver-p-20268.html,,$34.86
Authentic Lost Vape Grus 100W TC Box Mod - SS / Carbon Fiber,https://www.cigabuy.com/authentic-lost-vape-grus-100w-tc-box-mod-ss-carbon-fiber-p-20076.html,,$56.54
Authentic Wotofo Profile Unity RTA 3.5/5ml 25MM - Gunmetal,https://www.cigabuy.com/authentic-wotofo-profile-unity-rta-355ml-25mm-gunmetal-p-14165.html,$18.87,$41.63 
Authentic Lost Vape Grus 100W TC Box Mod - Black / Carbon Fiber,https://www.cigabuy.com/authentic-lost-vape-grus-100w-tc-box-mod-black-carbon-fiber-p-20078.html,,$56.54
Authentic Wotofo Profile RDTA  - Black,https://www.cigabuy.com/authentic-wotofo-profile-rdta-black-p-19384.html,$25.16,$42.20 
Authentic Geekvape Aegis X 200W TC Box Mod - Stealth Black,https://www.cigabuy.com/authentic-geekvape-aegis-x-200w-tc-box-mod-stealth-black-p-16062.html,,$78.69
Authentic MECHLYFE Paramour SBS 80W TC MOD - Black Silver,https://www.cigabuy.com/authentic-mechlyfe-paramour-sbs-80w-tc-mod-black-silver-p-20335.html,,$79.11
Authentic Lost Vape Grus 100W TC Box Mod - SS / Zebra Wood,https://www.cigabuy.com/authentic-lost-vape-grus-100w-tc-box-mod-ss-zebra-wood-p-20079.html,,$56.54
5 x Authentic Geekvape P Series Coil KA1 0.2ohm,https://www.cigabuy.com/5-x-authentic-geekvape-series-coil-ka1-02ohm-p-20332.html,,$16.01
Authentic Vandyvape Jackaroo Pod Kit - Obsidian Black,https://www.cigabuy.com/authentic-vandyvape-jackaroo-pod-kit-obsidian-black-p-20638.html,,$37.32
Authentic Vandyvape BERSERKER Mini V2 MTL RTA - Matte Black,https://www.cigabuy.com/authentic-vandyvape-berserker-mini-v2-mtl-rta-matte-black-p-20621.html,,$41.25
Authentic Geekvape Wenax K1 Pod Kit - Black,https://www.cigabuy.com/authentic-geekvape-wenax-k1-pod-kit-black-p-20594.html,,$24.55
Authentic Uwell Crown 5 5ml sub-ohm Tank Atomizer - Grey,https://www.cigabuy.com/authentic-uwell-crown-5-5ml-sub-ohm-tank-atomizer-grey-p-20266.html,,$34.86
Authentic Vandyvape GAUR-21 Mod - Carbon Fiber Silver,https://www.cigabuy.com/authentic-vandyvape-gaur-21-mod-carbon-fiber-silver-p-20364.html,,$58.70
4 x Authentic Uwell Aeglos UN2 meshed-H coil 0.23ohm,https://www.cigabuy.com/4-x-authentic-uwell-aeglos-un2-meshed-h-coil-023ohm-p-20293.html,,$13.94
Authentic Geekvape Zeus Sub-ohm Tank Atomizer 5ml - Black,https://www.cigabuy.com/authentic-geekvape-zeus-sub-ohm-tank-atomizer-5ml-black-p-15776.html,,$32.29
Authentic Wotofo Profile M RTA - Blue Matel,https://www.cigabuy.com/authentic-wotofo-profile-rta-blue-matel-p-20467.html,,$37.76
Authentic Vandyvape Jackaroo Pod Kit - Black,https://www.cigabuy.com/authentic-vandyvape-jackaroo-pod-kit-black-p-20641.html,,$35.36
Authentic Steam Crave Aromamizer Ragnar RDTA Advanced Kit - SS,https://www.cigabuy.com/authentic-steam-crave-aromamizer-ragnar-rdta-advanced-kit-ss-p-19143.html,,$85.35
Authentic Wismec Luxotic 100W BF Squonk Tobhino RDA Kit - Green,https://www.cigabuy.com/authentic-wismec-luxotic-100w-bf-squonk-tobhino-rda-kit-green-p-11948.html,$14.69,$42.45 
Authentic Vandyvape GAUR-21 Mod - Sky Blue Resin,https://www.cigabuy.com/authentic-vandyvape-gaur-21-mod-sky-blue-resin-p-20366.html,,$58.70
1 x Authentic Wotofo H17 Rebuildable Deck Coil - Gunmetal,https://www.cigabuy.com/1-x-authentic-wotofo-h17-rebuildable-deck-coil-gunmetal-p-19875.html,,$16.01
Authentic Uwell Caliburn G POD kit - Blue,https://www.cigabuy.com/authentic-uwell-caliburn-g-pod-kit-blue-p-19936.html,,$32.00
Authentic Vandyvape Jackaroo Pod Kit - Carbon Fiber Black,https://www.cigabuy.com/authentic-vandyvape-jackaroo-pod-kit-carbon-fiber-black-p-20637.html,,$37.32
Authentic Lost Vape Ursa Quest Multi Kit - SS Ukiran Leather,https://www.cigabuy.com/authentic-lost-vape-ursa-quest-multi-kit-ss-ukiran-leather-p-20480.html,,$50.74
1 x Authentic Uwell Aeglos Empty Pod Cartridge 3.5ml,https://www.cigabuy.com/1-x-authentic-uwell-aeglos-empty-pod-cartridge-35ml-p-20291.html,,$3.61
Authentic Steam Crave Aromamizer Titan V2 RDTA - Silver,https://www.cigabuy.com/authentic-steam-crave-aromamizer-titan-v2-rdta-silver-p-20601.html,,$78.58
3 x Authentic SMOK SCAR-P5 Empty Replacement RPM2 Pod,https://www.cigabuy.com/3-x-authentic-smok-scar-p5-empty-replacement-rpm2-pod-p-19364.html,$4.01,$5.32 
Authentic Uwell Caliburn G POD kit - Red,https://www.cigabuy.com/authentic-uwell-caliburn-g-pod-kit-red-p-19937.html,,$32.00
5 x Authentic Wotofo nexMESH Clapton S A1+Ni80 0.15ohm Coil,https://www.cigabuy.com/5-x-authentic-wotofo-nexmesh-clapton-s-a1ni80-015ohm-coil-p-20471.html,,$9.90
Authentic Uwell Caliburn G POD kit - Rosy Brown,https://www.cigabuy.com/authentic-uwell-caliburn-g-pod-kit-rosy-brown-p-19940.html,,$32.00
Authentic IJOY Captain Link Mod - Green,https://www.cigabuy.com/authentic-ijoy-captain-link-mod-green-p-20711.html,,$36.34
Authentic Uwell Valyrian II PRO Tank - Black & Silver,https://www.cigabuy.com/authentic-uwell-valyrian-ii-pro-tank-black-silver-p-20598.html,,$48.81
Authentic Geekvape Zeus Nano Tank - Silver,https://www.cigabuy.com/authentic-geekvape-zeus-nano-tank-silver-p-19997.html,,$26.67
Authentic Steam Crave Aromamizer Titan V2 RDTA - Black,https://www.cigabuy.com/authentic-steam-crave-aromamizer-titan-v2-rdta-black-p-20602.html,,$78.58
Authentic Lost Vape Ursa Quest Multi Kit - Gunmetal Ebony Wood,https://www.cigabuy.com/authentic-lost-vape-ursa-quest-multi-kit-gunmetal-ebony-wood-p-20473.html,,$50.74
Authentic Geekvape Wenax Stylus Pod Starter Kit - Space Gray,https://www.cigabuy.com/authentic-geekvape-wenax-stylus-pod-starter-kit-space-gray-p-19299.html,,$23.46
Authentic Vandyvape BERSERKER Mini V2 MTL RTA - SS,https://www.cigabuy.com/authentic-vandyvape-berserker-mini-v2-mtl-rta-ss-p-20622.html,,$39.29
Authentic Geekvape Wenax K1 Pod Kit - Sky Blue,https://www.cigabuy.com/authentic-geekvape-wenax-k1-pod-kit-sky-blue-p-20597.html,,$24.55
Authentic Uwell Whirl S Pen Kit - Coffee,https://www.cigabuy.com/authentic-uwell-whirl-s-pen-kit-coffee-p-20633.html,,$38.21
2 x Authentic Geekvape Aegis Boost Pro Empty Pod,https://www.cigabuy.com/2-x-authentic-geekvape-aegis-boost-pro-empty-pod-p-20330.html,,$8.00
Authentic Thunderhead Creations THC Tauren MTL RTA 2ml - Stainless Steel,https://www.cigabuy.com/authentic-thunderhead-creations-thc-tauren-mtl-rta-2ml-stainless-steel-p-20497.html,,$39.70
Authentic Wotofo Profile M RTA - Black,https://www.cigabuy.com/authentic-wotofo-profile-rta-black-p-20465.html,,$37.76
5 x Authentic Lost vape Ultra Boost M4 Coil 0.2ohm,https://www.cigabuy.com/5-x-authentic-lost-vape-ultra-boost-m4-coil-02ohm-p-20010.html,,$15.99
Authentic Geekvape Wenax K1 Pod Kit - Blue,https://www.cigabuy.com/authentic-geekvape-wenax-k1-pod-kit-blue-p-20595.html,,$24.55
Authentic Uwell Whirl S Pen Kit - Dark gray,https://www.cigabuy.com/authentic-uwell-whirl-s-pen-kit-dark-gray-p-20634.html,,$38.21
Authentic Uwell Tripod PCC Pod Kit 370mAh + 1000mAh - Black&Gold,https://www.cigabuy.com/authentic-uwell-tripod-pcc-pod-kit-370mah-1000mah-blackgold-p-20357.html,,$37.48
Authentic Geekvape TALO X 24mm BF RDA - Gunmetal,https://www.cigabuy.com/authentic-geekvape-talo-x-24mm-bf-rda-gunmetal-p-20206.html,,$25.48
Authentic Geekvape Zeus Nano Tank - Gunmetal,https://www.cigabuy.com/authentic-geekvape-zeus-nano-tank-gunmetal-p-20000.html,,$26.67
Authentic Uwell Aeglos Pod Kit - Red,https://www.cigabuy.com/authentic-uwell-aeglos-pod-kit-red-p-20288.html,,$39.43
Authentic Uwell Whirl II 3.5ml Sub-Ohm Tank - Blue,https://www.cigabuy.com/authentic-uwell-whirl-ii-35ml-sub-ohm-tank-blue-p-20060.html,,$29.87
Authentic Vaporesso Luxe II 220W TC Mod - Iceberg,https://www.cigabuy.com/authentic-vaporesso-luxe-ii-220w-tc-mod-iceberg-p-19907.html,,$75.65
Authentic Uwell Tripod PCC Pod Kit 370mAh + 1000mAh - Metallic Green,https://www.cigabuy.com/authentic-uwell-tripod-pcc-pod-kit-370mah-1000mah-metallic-green-p-20358.html,,$37.48
Authentic Geekvape TALO X 24mm BF RDA - Black,https://www.cigabuy.com/authentic-geekvape-talo-x-24mm-bf-rda-black-p-20204.html,,$25.48
Authentic Geekvape Aegis Boost Pro Kit - Classic Silver,https://www.cigabuy.com/authentic-geekvape-aegis-boost-pro-kit-classic-silver-p-20326.html,,$48.06
Authentic Lost Vape Ursa Quest Multi Kit - Gunmetal Ukiran Leather,https://www.cigabuy.com/authentic-lost-vape-ursa-quest-multi-kit-gunmetal-ukiran-leather-p-20479.html,,$50.74
Authentic Vaporesso FORZ TX80 VW 80W Mod - Gunmetal Grey,https://www.cigabuy.com/authentic-vaporesso-forz-tx80-vw-80w-mod-gunmetal-grey-p-20083.html,,$59.74
Authentic Thunderhead Creations THC Tauren MTL RTA 2ml - Gunmetal,https://www.cigabuy.com/authentic-thunderhead-creations-thc-tauren-mtl-rta-2ml-gunmetal-p-20498.html,,$41.18
Authentic GeekVape Zeus X RTA 4.5ml 25MM - Black,https://www.cigabuy.com/authentic-geekvape-zeus-x-rta-45ml-25mm-black-p-14054.html,,$36.15
Authentic Wotofo Profile M RTA - Gold,https://www.cigabuy.com/authentic-wotofo-profile-rta-gold-p-20468.html,,$37.76
Authentic Wotofo Profile M RTA - Blue,https://www.cigabuy.com/authentic-wotofo-profile-rta-blue-p-20469.html,,$37.76
Authentic Vandyvape Jackaroo Dual 188W Box Mod - Resin Red Agate,https://www.cigabuy.com/authentic-vandyvape-jackaroo-dual-188w-box-mod-resin-red-agate-p-20244.html,,$70.09
Authentic Geekvape Aegis Boost Pro Kit - Space Black,https://www.cigabuy.com/authentic-geekvape-aegis-boost-pro-kit-space-black-p-20324.html,,$48.06
AXGIO Super Mini Nano Wireless Stereo Earphone with Mic for Cellphone,https://www.cigabuy.com/axgio-super-mini-nano-wireless-stereo-earphone-with-mic-for-cellphone-p-20703.html,$4.12,$18.95 
Authentic VOOPOO V.SUIT Pod System Kit - White,https://www.cigabuy.com/authentic-voopoo-vsuit-pod-system-kit-white-p-19837.html,$16.35,$22.41 
Authentic Geekvape Mero AIO Kit - Silver,https://www.cigabuy.com/authentic-geekvape-mero-aio-kit-silver-p-20202.html,,$25.39
Authentic Dovpo Topside Dual 200W Squonker Box Mod - Black,https://www.cigabuy.com/authentic-dovpo-topside-dual-200w-squonker-box-mod-black-p-14040.html,,$92.97
Authentic Vandyvape Kylin Mini V2 RTA 5ml - Gunmetal,https://www.cigabuy.com/authentic-vandyvape-kylin-mini-v2-rta-5ml-gunmetal-p-19968.html,,$41.60
5 x Authentic Lost vape Ultra Boost M1 Coil 0.3ohm,https://www.cigabuy.com/5-x-authentic-lost-vape-ultra-boost-m1-coil-03ohm-p-20011.html,,$15.99
Authentic Geekvape Aegis Hero Pod Mod Kit - Red,https://www.cigabuy.com/authentic-geekvape-aegis-hero-pod-mod-kit-red-p-19993.html,,$40.54
Authentic Steam Crave Aromamizer Supreme V3 RDTA advanced kit 7ml 25ml - Black,https://www.cigabuy.com/authentic-steam-crave-aromamizer-supreme-v3-rdta-advanced-kit-7ml-25ml-black-p-19980.html,,$77.88
Authentic Vandyvape Jackaroo Pod Kit - Black Warrior,https://www.cigabuy.com/authentic-vandyvape-jackaroo-pod-kit-black-warrior-p-20639.html,,$35.36
Authentic Uwell Crown Pod 1250mAh Pod System Kit - Red,https://www.cigabuy.com/authentic-uwell-crown-pod-1250mah-pod-system-kit-red-p-16659.html,$11.56,$37.32 
Authentic Vandyvape Jackaroo Pod Kit - Carbon Fiber Silver,https://www.cigabuy.com/authentic-vandyvape-jackaroo-pod-kit-carbon-fiber-silver-p-20640.html,,$35.36
Authentic Wotofo Manik Mini Pod Kit - Black,https://www.cigabuy.com/authentic-wotofo-manik-mini-pod-kit-black-p-20625.html,,$34.33
Authentic Wotofo Manik Mini Pod Kit - Gray,https://www.cigabuy.com/authentic-wotofo-manik-mini-pod-kit-gray-p-20626.html,,$34.33
Authentic Wotofo SMRT Pod Kit - Gold,https://www.cigabuy.com/authentic-wotofo-smrt-pod-kit-gold-p-20632.html,,$39.25
Authentic Wotofo SMRT Pod Kit - Black,https://www.cigabuy.com/authentic-wotofo-smrt-pod-kit-black-p-20629.html,,$39.25
Authentic Wotofo Manik Mini Pod Kit - Red,https://www.cigabuy.com/authentic-wotofo-manik-mini-pod-kit-red-p-20628.html,,$34.33
Authentic Uwell Whirl S Pen Kit - Blue,https://www.cigabuy.com/authentic-uwell-whirl-s-pen-kit-blue-p-20635.html,,$38.21
Authentic IJOY Captain Link Mod - SS,https://www.cigabuy.com/authentic-ijoy-captain-link-mod-ss-p-20709.html,,$36.34
Authentic Wotofo Manik Mini Pod Kit - Blue,https://www.cigabuy.com/authentic-wotofo-manik-mini-pod-kit-blue-p-20627.html,,$34.33
Authentic IJOY Captain Link Mod - Black,https://www.cigabuy.com/authentic-ijoy-captain-link-mod-black-p-20713.html,,$36.34
Authentic Uwell Whirl S Pen Kit - Iridescent,https://www.cigabuy.com/authentic-uwell-whirl-s-pen-kit-iridescent-p-20636.html,,$38.21
Authentic IJOY Captain Link Mod - Blue,https://www.cigabuy.com/authentic-ijoy-captain-link-mod-blue-p-20712.html,,$36.34
Authentic IJOY Captain Link Mod - Red,https://www.cigabuy.com/authentic-ijoy-captain-link-mod-red-p-20710.html,,$36.34
Authentic IJOY Captain Link Kit - Black,https://www.cigabuy.com/authentic-ijoy-captain-link-kit-black-p-20704.html,,$53.04
Authentic IJOY Captain Link Kit - SS,https://www.cigabuy.com/authentic-ijoy-captain-link-kit-ss-p-20708.html,,$53.04
Authentic IJOY Captain Link Kit - Red,https://www.cigabuy.com/authentic-ijoy-captain-link-kit-red-p-20707.html,,$53.04
Authentic IJOY Captain Link Kit - Green,https://www.cigabuy.com/authentic-ijoy-captain-link-kit-green-p-20706.html,,$53.04
Authentic IJOY Captain Link Kit - Blue,https://www.cigabuy.com/authentic-ijoy-captain-link-kit-blue-p-20705.html,,$53.04
Authentic Uwell Caliburn G POD kit - Green,https://www.cigabuy.com/authentic-uwell-caliburn-g-pod-kit-green-p-19939.html,,$32.00
Authentic Wotofo The Troll X RTA - Black,https://www.cigabuy.com/authentic-wotofo-the-troll-x-rta-black-p-20659.html,,$37.28
Authentic Geekvape Wenax K1 Pod Kit - Gunmetal,https://www.cigabuy.com/authentic-geekvape-wenax-k1-pod-kit-gunmetal-p-20596.html,,$24.55
Authentic Geekvape TALO X 24mm BF RDA - Blue,https://www.cigabuy.com/authentic-geekvape-talo-x-24mm-bf-rda-blue-p-20207.html,,$25.48
Authentic Wotofo The Troll X RTA - Black,https://www.cigabuy.com/authentic-wotofo-the-troll-x-rta-black-p-20654.html,,$37.28
Authentic VOZOL WHIZ 40W Pod Kit - Black,https://www.cigabuy.com/authentic-vozol-whiz-40w-pod-kit-black-p-20026.html,$20.60,$26.70 
Authentic Wotofo The Troll X RTA - Rainbow,https://www.cigabuy.com/authentic-wotofo-the-troll-x-rta-rainbow-p-20658.html,,$37.28
Authentic Wotofo The Troll X RTA - Gold,https://www.cigabuy.com/authentic-wotofo-the-troll-x-rta-gold-p-20657.html,,$37.28
Authentic Vandyvape Requiem RDA - Gunmetal,https://www.cigabuy.com/authentic-vandyvape-requiem-rda-gunmetal-p-20050.html,,$35.20
Authentic Steam Crave Aromamizer Titan V2 RDTA - Gunmetal,https://www.cigabuy.com/authentic-steam-crave-aromamizer-titan-v2-rdta-gunmetal-p-20603.html,,$78.58
Authentic Geekvape Aegis Boost Pro Kit - Gunmetal,https://www.cigabuy.com/authentic-geekvape-aegis-boost-pro-kit-gunmetal-p-20327.html,,$48.06
Authentic Uwell Whirl II Kit - Black,https://www.cigabuy.com/authentic-uwell-whirl-ii-kit-black-p-20278.html,,$69.73
Authentic Vandyvape Requiem RDA - Stainless Steel,https://www.cigabuy.com/authentic-vandyvape-requiem-rda-stainless-steel-p-20048.html,,$33.07
Authentic Uwell Valyrian II PRO Tank - Black & Red,https://www.cigabuy.com/authentic-uwell-valyrian-ii-pro-tank-black-red-p-20599.html,,$48.81
Authentic Geekvape Zeus Nano Tank - Rainbow,https://www.cigabuy.com/authentic-geekvape-zeus-nano-tank-rainbow-p-20002.html,,$26.67
Authentic Geekvape Aegis Boost Pro Kit - Almighty Blue,https://www.cigabuy.com/authentic-geekvape-aegis-boost-pro-kit-almighty-blue-p-20329.html,,$48.06
Authentic Geekvape Wenax C1 Kit - Black,https://www.cigabuy.com/authentic-geekvape-wenax-c1-kit-black-p-20493.html,,$22.79
Authentic Geekvape Wenax C1 Kit - Blue,https://www.cigabuy.com/authentic-geekvape-wenax-c1-kit-blue-p-20495.html,,$22.79
Authentic Geekvape Wenax C1 Kit - Grey,https://www.cigabuy.com/authentic-geekvape-wenax-c1-kit-grey-p-20494.html,,$22.79
Authentic Geekvape Wenax C1 Kit - White,https://www.cigabuy.com/authentic-geekvape-wenax-c1-kit-white-p-20496.html,,$22.79
4 x Authentic OFRF M22 nexMESH Coil 0.6ohm,https://www.cigabuy.com/4-x-authentic-ofrf-m22-nexmesh-coil-06ohm-p-20305.html,,$17.98
Authentic Vandyvape Kylin Mini V2 RTA 5ml - Matte Black,https://www.cigabuy.com/authentic-vandyvape-kylin-mini-v2-rta-5ml-matte-black-p-19966.html,,$41.60
Authentic Geekvape Aegis Solo 100W TC Box Mod - Gunmetal,https://www.cigabuy.com/authentic-geekvape-aegis-solo-100w-tc-box-mod-gunmetal-p-14358.html,,$46.44
Authentic Dovpo Topside Dual 200W Squonker Box Mod - Gunmetal,https://www.cigabuy.com/authentic-dovpo-topside-dual-200w-squonker-box-mod-gunmetal-p-14041.html,,$92.97
Authentic Uwell Caliburn KOKO Prime Kit - Grey,https://www.cigabuy.com/authentic-uwell-caliburn-koko-prime-kit-grey-p-20248.html,,$33.54
Authentic IJOY Aria Pro Kit - Camo,https://www.cigabuy.com/authentic-ijoy-aria-pro-kit-camo-p-20446.html,,$30.84
Authentic Vandyvape Jackaroo Dual 188W Box Mod - G10 Obsidian Black,https://www.cigabuy.com/authentic-vandyvape-jackaroo-dual-188w-box-mod-g10-obsidian-black-p-20242.html,,$70.09
Authentic IJOY Aria Pro Kit - Rainbow Phoenix,https://www.cigabuy.com/authentic-ijoy-aria-pro-kit-rainbow-phoenix-p-20445.html,,$30.84
Authentic Lost Vape Ursa Quest Multi Kit - Black Ukiran Leather,https://www.cigabuy.com/authentic-lost-vape-ursa-quest-multi-kit-black-ukiran-leather-p-20478.html,,$50.74
Authentic IJOY Aria Pro Kit - Black Dragon,https://www.cigabuy.com/authentic-ijoy-aria-pro-kit-black-dragon-p-20444.html,,$30.84
Authentic Thunderhead Creations THC Tauren MTL RTA 2ml - Silver Black,https://www.cigabuy.com/authentic-thunderhead-creations-thc-tauren-mtl-rta-2ml-silver-black-p-20500.html,,$42.55
Authentic Thunderhead Creations THC Tauren MTL RTA 2ml - Full Black,https://www.cigabuy.com/authentic-thunderhead-creations-thc-tauren-mtl-rta-2ml-full-black-p-20499.html,,$41.18
Authentic Lost Vape Ursa Quest Multi Kit - Black Crocodile Leather,https://www.cigabuy.com/authentic-lost-vape-ursa-quest-multi-kit-black-crocodile-leather-p-20477.html,,$50.74
Authentic OFRF NEXMINI Pod Kit - Black,https://www.cigabuy.com/authentic-ofrf-nexmini-pod-kit-black-p-20301.html,$12.58,$33.00 
Authentic Geekvape Zeus Nano Tank - Blue,https://www.cigabuy.com/authentic-geekvape-zeus-nano-tank-blue-p-19998.html,,$26.67
Authentic OFRF NEXMINI Pod Kit - Silver,https://www.cigabuy.com/authentic-ofrf-nexmini-pod-kit-silver-p-20302.html,,$33.00
Authentic Lost Vape Ursa Quest Multi Kit - Black Red Sandal Wood,https://www.cigabuy.com/authentic-lost-vape-ursa-quest-multi-kit-black-red-sandal-wood-p-20474.html,,$50.74
Authentic Uwell Tripod PCC Pod Kit 370mAh + 1000mAh - Black,https://www.cigabuy.com/authentic-uwell-tripod-pcc-pod-kit-370mah-1000mah-black-p-20356.html,,$37.48
Authentic Lost Vape Ursa Quest Multi Kit - SS Purple-Heart Wood,https://www.cigabuy.com/authentic-lost-vape-ursa-quest-multi-kit-ss-purple-heart-wood-p-20472.html,,$50.74
Authentic Wotofo Profile M RTA - Rainbow,https://www.cigabuy.com/authentic-wotofo-profile-rta-rainbow-p-20470.html,,$37.76
Authentic Lost Vape Ursa Quest Multi Kit - SS Crocodile Leather,https://www.cigabuy.com/authentic-lost-vape-ursa-quest-multi-kit-ss-crocodile-leather-p-20475.html,,$50.74
Authentic Lost Vape Ursa Quest Multi Kit - Gunmetal Crocodile Leather,https://www.cigabuy.com/authentic-lost-vape-ursa-quest-multi-kit-gunmetal-crocodile-leather-p-20476.html,,$50.74
Authentic Ehpro Cold Steel 100 120W TC Box Mod - Black Obsidian,https://www.cigabuy.com/authentic-ehpro-cold-steel-100-120w-tc-box-mod-black-obsidian-p-15781.html,,$62.74
Authentic Steam Crave Aromamizer Supreme V3 RDTA advanced kit - Stainless Steel,https://www.cigabuy.com/authentic-steam-crave-aromamizer-supreme-v3-rdta-advanced-kit-stainless-steel-p-19979.html,,$74.68
Authentic Uwell Whirl II Kit - Red,https://www.cigabuy.com/authentic-uwell-whirl-ii-kit-red-p-20279.html,,$69.73
1 x Authentic OFRF NEXMINI Empty Pod Cartridge,https://www.cigabuy.com/1-x-authentic-ofrf-nexmini-empty-pod-cartridge-p-20304.html,,$3.95
Authentic Uwell Whirl II Kit - Silver,https://www.cigabuy.com/authentic-uwell-whirl-ii-kit-silver-p-20276.html,,$69.73
Authentic Uwell Whirl II Kit - Blue,https://www.cigabuy.com/authentic-uwell-whirl-ii-kit-blue-p-20277.html,,$69.73
4 x Authentic OFRF M21 Parallel Coil 0.6ohm,https://www.cigabuy.com/4-x-authentic-ofrf-m21-parallel-coil-06ohm-p-20306.html,,$17.98
Authentic Geekvape TALO X 24mm BF RDA - Silver,https://www.cigabuy.com/authentic-geekvape-talo-x-24mm-bf-rda-silver-p-20205.html,,$25.48
Authentic Vandyvape Pulse V2 Refill Bottle 7ml - Black,https://www.cigabuy.com/authentic-vandyvape-pulse-v2-refill-bottle-7ml-black-p-20241.html,,$8.50
Authentic Wotofo Profile Unity RTA 3.5/5ml 25MM - Black,https://www.cigabuy.com/authentic-wotofo-profile-unity-rta-355ml-25mm-black-p-14166.html,,$41.63
Authentic Vaporesso FORZ TX80 VW 80W Mod - Brick Black,https://www.cigabuy.com/authentic-vaporesso-forz-tx80-vw-80w-mod-brick-black-p-20082.html,,$59.74
Authentic Oumier Wasp Nano S Dual-Coil BF RDA 25mm - Black,https://www.cigabuy.com/authentic-oumier-wasp-nano-s-dual-coil-bf-rda-25mm-black-p-20097.html,,$20.52
Authentic Geekvape Mero AIO Kit - Black,https://www.cigabuy.com/authentic-geekvape-mero-aio-kit-black-p-20199.html,,$25.39
Authentic Geekvape Mero AIO Kit - Gunmetal,https://www.cigabuy.com/authentic-geekvape-mero-aio-kit-gunmetal-p-20200.html,,$25.39
Authentic ThunderHeadCreations THC Artemis RDTA - Gunmetal,https://www.cigabuy.com/authentic-thunderheadcreations-thc-artemis-rdta-gunmetal-p-20222.html,,$67.09
3 x Authentic Geekvape Mero Empty Pod Cartridge,https://www.cigabuy.com/3-x-authentic-geekvape-mero-empty-pod-cartridge-p-20203.html,,$6.01
Authentic Vaporesso FORZ TX80 VW 80W Mod - Imperial Red,https://www.cigabuy.com/authentic-vaporesso-forz-tx80-vw-80w-mod-imperial-red-p-20084.html,,$59.74
Authentic Vandyvape Requiem RDA - Gold,https://www.cigabuy.com/authentic-vandyvape-requiem-rda-gold-p-20051.html,,$35.20
Authentic Lost vape Thelema 80W Pod Kit 4ml - SS / Grain Leather,https://www.cigabuy.com/authentic-lost-vape-thelema-80w-pod-kit-4ml-ss-grain-leather-p-20006.html,,$53.35
Authentic Vaporesso FORZ TX80 VW Kit With FORZ Tank 25 - Gunmetal Grey,https://www.cigabuy.com/authentic-vaporesso-forz-tx80-vw-kit-with-forz-tank-25-gunmetal-grey-p-20088.html,,$74.68
Authentic Geekvape Aegis Hero Pod Mod Kit - Gunmetal,https://www.cigabuy.com/authentic-geekvape-aegis-hero-pod-mod-kit-gunmetal-p-19994.html,,$40.54
Simplified Package Xiaomi Piston 3rd Edition Earphone Mic,https://www.cigabuy.com/simplified-package-xiaomi-piston-3rd-edition-earphone-mic-p-19820.html,$0.35,$16.05 
5 x Authentic Lost vape Ultra Boost M3 Coil 0.15ohm,https://www.cigabuy.com/5-x-authentic-lost-vape-ultra-boost-m3-coil-015ohm-p-20009.html,,$15.99
Authentic Vandyvape Requiem RDA - Matte Black,https://www.cigabuy.com/authentic-vandyvape-requiem-rda-matte-black-p-20049.html,,$35.20
Authentic Steam Crave Aromamizer Supreme V3 RDTA advanced kit 7ml 25ml - Blue,https://www.cigabuy.com/authentic-steam-crave-aromamizer-supreme-v3-rdta-advanced-kit-7ml-25ml-blue-p-19982.html,,$77.88
Authentic Vaporesso FORZ TX80 VW 80W Mod - Steel Blue,https://www.cigabuy.com/authentic-vaporesso-forz-tx80-vw-80w-mod-steel-blue-p-20086.html,,$59.74
Authentic Vaporesso FORZ TX80 VW Kit With FORZ Tank 25 - Brick Black,https://www.cigabuy.com/authentic-vaporesso-forz-tx80-vw-kit-with-forz-tank-25-brick-black-p-20087.html,,$74.68
Authentic Vaporesso FORZ TX80 VW Kit With FORZ Tank 25 - Leather Brown,https://www.cigabuy.com/authentic-vaporesso-forz-tx80-vw-kit-with-forz-tank-25-leather-brown-p-20090.html,,$74.68
Authentic Vandyvape Kylin Mini V2 RTA 5ml - SS,https://www.cigabuy.com/authentic-vandyvape-kylin-mini-v2-rta-5ml-ss-p-19965.html,,$38.40
Authentic Vaporesso FORZ TX80 VW 80W Mod - Leather Brown,https://www.cigabuy.com/authentic-vaporesso-forz-tx80-vw-80w-mod-leather-brown-p-20085.html,,$59.74
Authentic Vaporesso FORZ TX80 VW Kit With FORZ Tank 25 - Imperial Red,https://www.cigabuy.com/authentic-vaporesso-forz-tx80-vw-kit-with-forz-tank-25-imperial-red-p-20089.html,,$74.68
Authentic Geekvape Aegis Hero Pod Mod Kit - Silver,https://www.cigabuy.com/authentic-geekvape-aegis-hero-pod-mod-kit-silver-p-19991.html,,$40.54
Authentic Vaporesso FORZ TX80 VW Kit With FORZ Tank 25 - Steel Blue,https://www.cigabuy.com/authentic-vaporesso-forz-tx80-vw-kit-with-forz-tank-25-steel-blue-p-20091.html,,$74.68
2GB USB 2.0 Flash Drive USB Memory Card U Disk,https://www.cigabuy.com/2gb-usb-20-flash-drive-usb-memory-card-u-disk-p-8156.html,$1.58,$3.47 
Authentic Steam Crave Titan PWM V1.5 Mod - Silver,https://www.cigabuy.com/authentic-steam-crave-titan-pwm-v15-mod-silver-p-19518.html,,$81.76
E6 Mini Magnetic USB Invisible Bluetooth V4.2 Earphone,https://www.cigabuy.com/e6-mini-magnetic-usb-invisible-bluetooth-v42-earphone-p-19731.html,$2.99,$6.81 
QCY T1 PRO TWS Dual Bluetooth Earphones IPX4 Waterproof Headphones,https://www.cigabuy.com/qcy-t1-pro-tws-dual-bluetooth-earphones-ipx4-waterproof-headphones-p-13806.html,$18.09,$33.24 
1 x Authentic Wotofo H17 Rebuildable Deck Coil - Black,https://www.cigabuy.com/1-x-authentic-wotofo-h17-rebuildable-deck-coil-black-p-19872.html,,$16.01
WLtoys A959 High-Speed Vortex 4-CH 1:18 2.4GHz 4WD RC Car,https://www.cigabuy.com/wltoys-a959-high-speed-vortex-4-ch-118-24ghz-4wd-rc-car-p-19755.html,$30.61,$37.47 
Authentic Dovpo Odin Mini 75W DNA75C TC Mod - Brushed Silver,https://www.cigabuy.com/authentic-dovpo-odin-mini-75w-dna75c-tc-mod-brushed-silver-p-19383.html,,$160.05
64GB USB 2.0 Flash Drive USB Pen Drive U Disk,https://www.cigabuy.com/64gb-usb-20-flash-drive-usb-pen-drive-u-disk-p-19730.html,$2.23,$6.71 
Authentic Freemax Maxus 100W  Kit - Black - Red,https://www.cigabuy.com/authentic-freemax-maxus-100w-kit-black-red-p-19161.html,,$69.35
Magnetic Wireless Earbuds,https://www.cigabuy.com/magnetic-wireless-earbuds-p-19786.html,$0.87,$1.79 
X9-V0 Color OLED Screen Fitness Tracker IP68 Heart Rate Blood Pressure Monitor,https://www.cigabuy.com/x9-v0-color-oled-screen-fitness-tracker-ip68-heart-rate-blood-pressure-monitor-p-19827.html,$11.99,$26.95 
Bluetooth 4.1 Headphone Wireless Mini Invisible In-Ear Bluetooth Earbud With Mic,https://www.cigabuy.com/bluetooth-41-headphone-wireless-mini-invisible-in-ear-bluetooth-earbud-with-mic-p-19726.html,$1.22,$18.84 
Crrju Fashion Mens Watches Top Brand Luxury Quartz Watch Men,https://www.cigabuy.com/crrju-fashion-mens-watches-top-brand-luxury-quartz-watch-men-p-19728.html,$8.57,$11.03 
E6 Bluetooth Earphone 4.2 In-Ear MINI Stereo 600mA with Charging Box,https://www.cigabuy.com/e6-bluetooth-earphone-42-in-ear-mini-stereo-600ma-with-charging-box-p-19829.html,$2.97,$8.08 
CURREN 8225 Japan Movt Calendar Life Waterproof Men Quartz Watch,https://www.cigabuy.com/curren-8225-japan-movt-calendar-life-waterproof-men-quartz-watch-p-19721.html,$5.03,$6.78 
M5 Magnetic Sports BT 4.1 Waterproof Sports Earphones,https://www.cigabuy.com/m5-magnetic-sports-bt-41-waterproof-sports-earphones-p-19801.html,$1.22,$2.21 
i7 TWS Bluetooth V4.1 Earphones with Charging Case,https://www.cigabuy.com/i7-tws-bluetooth-v41-earphones-with-charging-case-p-19828.html,$2.06,$5.99 
Authentic Dovpo Odin Mini 75W DNA75C TC Box Mod - Brushed Red,https://www.cigabuy.com/authentic-dovpo-odin-mini-75w-dna75c-tc-box-mod-brushed-red-p-19381.html,,$160.05
2.4GHz Wireless Optical Gaming Mouse for PC DPI Adjustable,https://www.cigabuy.com/24ghz-wireless-optical-gaming-mouse-for-pc-dpi-adjustable-p-19821.html,$0.79,$3.57 
Luminous Headset Glow In Dark Headphones Flashlight Earphone with Mic,https://www.cigabuy.com/luminous-headset-glow-in-dark-headphones-flashlight-earphone-with-mic-p-19744.html,$0.34,$1.79 
Original Xiaomi Piston Basic Edition In-ear Headset Earphone w/ Mic,https://www.cigabuy.com/original-xiaomi-piston-basic-edition-in-ear-headset-earphone-w-mic-p-19823.html,$0.35,$7.47 
Original Xiaomi Piston Dazzle Edition Earphones with Mic,https://www.cigabuy.com/original-xiaomi-piston-dazzle-edition-earphones-with-mic-p-19740.html,$0.35,$6.17 
L11 Bluetooth 5.0 TWS Earphones with Charging Case,https://www.cigabuy.com/l11-bluetooth-50-tws-earphones-with-charging-case-p-19809.html,$5.44,$8.07 
Original Xiaomi Piston Fresh Edition Earphone Headphone with Mic,https://www.cigabuy.com/original-xiaomi-piston-fresh-edition-earphone-headphone-with-mic-p-19826.html,$0.35,$5.57 
Baseus Bluetooth Earphones Single Ear Wireless Earphone With Charging Dock,https://www.cigabuy.com/baseus-bluetooth-earphones-single-ear-wireless-earphone-with-charging-dock-p-19729.html,$3.55,$10.65 
CURREN 8249 Big Dial Dual Move Calendar Leather Strap Quartz Watch,https://www.cigabuy.com/curren-8249-big-dial-dual-move-calendar-leather-strap-quartz-watch-p-19824.html,$2.84,$10.81 
5pcs G4 12-24V 6W 600LM 2-LED COB LED Light Bulbs,https://www.cigabuy.com/5pcs-g4-12-24v-6w-600lm-2-led-cob-led-light-bulbs-p-19900.html,$7.51,$9.75 
Authentic Geekvape Wenax Stylus Pod Starter Kit - Classic Black,https://www.cigabuy.com/authentic-geekvape-wenax-stylus-pod-starter-kit-classic-black-p-19295.html,,$23.46
TC16 Type-c Earphone Stereo Line Control In-Ear Hands Free Call f LeEco Xiaomi,https://www.cigabuy.com/tc16-type-earphone-stereo-line-control-in-ear-hands-free-call-f-leeco-xiaomi-p-19772.html,$0.70,$1.58 
"Xiaomi 3D Glasses Virtual Reality Box for 4.7 - 5.7"" Smart Phones",https://www.cigabuy.com/xiaomi-3d-glasses-virtual-reality-box-for-47-57-smart-phones-p-19825.html,$0.35,$9.97 
Mini Bluetooth Earbud 6 Hour Playtime Car Headset with Mic for iPhone,https://www.cigabuy.com/mini-bluetooth-earbud-6-hour-playtime-car-headset-with-mic-for-iphone-p-19725.html,$1.05,$16.28 
Bluetooth Headphone Kissral Wireless Sport Earbud,https://www.cigabuy.com/bluetooth-headphone-kissral-wireless-sport-earbud-p-19727.html,$0.70,$11.14 
S36 Earphone Heavy Bass In-Ear Earphones Music Headset Microphone 3.5mm,https://www.cigabuy.com/s36-earphone-heavy-bass-in-ear-earphones-music-headset-microphone-35mm-p-19796.html,$1.05,$2.00 
S450 3.5mm Foldable Wireless Stereo Bluetooth Headphone w/ TF FM,https://www.cigabuy.com/s450-35mm-foldable-wireless-stereo-bluetooth-headphone-w-tf-fm-p-19818.html,$3.22,$7.66 
i8 Mini In-Ear 180° Rotation Bluetooth Wireless Earbud Earphone ,https://www.cigabuy.com/i8-mini-in-ear-180°-rotation-bluetooth-wireless-earbud-earphone-p-19777.html,$1.05,$16.28 
IDO ID107 Smart Bracelet Heart Rate Monitor Call Reminder Pedometer,https://www.cigabuy.com/ido-id107-smart-bracelet-heart-rate-monitor-call-reminder-pedometer-p-19822.html,$3.64,$18.77 
Authentic Dovpo Odin DNA250C 200W Box Mod - Brushed Gunmetal,https://www.cigabuy.com/authentic-dovpo-odin-dna250c-200w-box-mod-brushed-gunmetal-p-18896.html,,$193.73
Kingston TF Card 8GB Class 4 SDHC Mobile phone,https://www.cigabuy.com/kingston-tf-card-8gb-class-4-sdhc-mobile-phone-p-19758.html,$1.05,$16.28 
Wireless Sport Dual In Ear Stereo Bluetooth 4.0 with Mic Headset,https://www.cigabuy.com/wireless-sport-dual-in-ear-stereo-bluetooth-40-with-mic-headset-p-19819.html,$2.71,$14.16 
Comfortable Wired Earphone with Mic 3.5mm Clear Sound,https://www.cigabuy.com/comfortable-wired-earphone-with-mic-35mm-clear-sound-p-19803.html,$1.05,$2.00 
JBMMJ MJ100 Earphone Metal In-Ear 3.5mm Earbuds Aluminum Alloy Superb Sound,https://www.cigabuy.com/jbmmj-mj100-earphone-metal-in-ear-35mm-earbuds-aluminum-alloy-superb-sound-p-19770.html,$0.41,$7.49 
Authentic Dovpo Odin Mini 75W DNA75C TC Box Mod - Brushed Black,https://www.cigabuy.com/authentic-dovpo-odin-mini-75w-dna75c-tc-box-mod-brushed-black-p-19379.html,,$160.05
Authentic Dovpo Odin Mini 75W DNA75C TC Mod - Brushed Gunmetal,https://www.cigabuy.com/authentic-dovpo-odin-mini-75w-dna75c-tc-mod-brushed-gunmetal-p-19380.html,,$160.05
Authentic Freemax Maxus 100W  Kit - Blue - Green,https://www.cigabuy.com/authentic-freemax-maxus-100w-kit-blue-green-p-19162.html,,$69.35
Men Cycling Underwear Bicycle Mountain Shorts Riding Bike Sport Underwear,https://www.cigabuy.com/men-cycling-underwear-bicycle-mountain-shorts-riding-bike-sport-underwear-p-18937.html,$2.57,$13.41 
Authentic Wismec Luxotic 100W BF Squonk Tobhino RDA Kit - Yellow,https://www.cigabuy.com/authentic-wismec-luxotic-100w-bf-squonk-tobhino-rda-kit-yellow-p-12065.html,$14.69,$42.45 
Authentic Eleaf iCard 650mAh 15W Starter Kit - Black,https://www.cigabuy.com/authentic-eleaf-icard-650mah-15w-starter-kit-black-p-15919.html,$3.14,$10.67 
Authentic Uwell Crown Pod 1250mAh Pod System Kit - Blue,https://www.cigabuy.com/authentic-uwell-crown-pod-1250mah-pod-system-kit-blue-p-16658.html,$11.39,$37.32 
Authentic Vandy Vape Kylin M 4.5ml RTA 24mm - Matte Black,https://www.cigabuy.com/authentic-vandy-vape-kylin-45ml-rta-24mm-matte-black-p-14522.html,,$44.16
UV Protect Car Styling Front Window Sunshade Windshield Film Foldable,https://www.cigabuy.com/uv-protect-car-styling-front-window-sunshade-windshield-film-foldable-p-16997.html,$0.32,$10.10 
Authentic Vandy Vape Kylin M 4.5ml RTA 24mm - Gunmetal,https://www.cigabuy.com/authentic-vandy-vape-kylin-45ml-rta-24mm-gunmetal-p-14520.html,,$44.16
Authentic Uwell Caliburn Pod System 520mAh Kit - Black,https://www.cigabuy.com/authentic-uwell-caliburn-pod-system-520mah-kit-black-p-14097.html,,$31.54
ESTRELLA  64G USB2.0 High Speed Mini Flash Drive Waterproof USB,https://www.cigabuy.com/estrella-64g-usb20-high-speed-mini-flash-drive-waterproof-usb-p-17570.html,$3.96,$11.51 
Authentic Cthulhu Mjolnir RDA 24MM - Black,https://www.cigabuy.com/authentic-cthulhu-mjolnir-rda-24mm-black-p-13676.html,,$31.22
MIXZA 32GB Class 10 Micro SDHC UHS-I up to 80MB/S Flash Memory Card,https://www.cigabuy.com/mixza-32gb-class-10-micro-sdhc-uhs-up-to-80mbs-flash-memory-card-p-17560.html,$1.86,$5.32 
48-LED Outdoor Motion Sensor Solar Lights,https://www.cigabuy.com/48-led-outdoor-motion-sensor-solar-lights-p-17572.html,$5.43,$10.87 
1/2/4 pcs YWXLIGHT 220-240V 24W 1920LM SMD 5730 Octagonal LED Ceiling Lamp,https://www.cigabuy.com/124-pcs-ywxlight-220-240v-24w-1920lm-smd-5730-octagonal-led-ceiling-lamp-p-17583.html,$2.51,$4.47 
YWXLight Solar LED Lamp Bear Claw Lamp Garden Lights Outdoor Landscape Lighting,https://www.cigabuy.com/ywxlight-solar-led-lamp-bear-claw-lamp-garden-lights-outdoor-landscape-lighting-p-17591.html,$3.38,$6.07 
RGB T10 5050 6SMD Auto Remote Controlled Colorful Led Lamp Strobe Light,https://www.cigabuy.com/rgb-t10-5050-6smd-auto-remote-controlled-colorful-led-lamp-strobe-light-p-17593.html,$0.70,$3.29 
Non-Stick Grill BBQ Standing Rib Rack Stainless Steel Roasting Rack,https://www.cigabuy.com/non-stick-grill-bbq-standing-rib-rack-stainless-steel-roasting-rack-p-17542.html,$0.39,$2.55 
Original Xiaomi Mijia 0.5mm Sign Pen Roller Pen,https://www.cigabuy.com/original-xiaomi-mijia-05mm-sign-pen-roller-pen-p-17554.html,$1.22,$2.76 
2 in 1 Car Ice Water Scraper Snow Removal Hand Automotive Tool Snow Brush,https://www.cigabuy.com/2-in-1-car-ice-water-scraper-snow-removal-hand-automotive-tool-snow-brush-p-17534.html,$0.35,$2.01 
10pcs T10 5W Blue/White/Matting Home Office Halogen Capsule Light Bulb Lamp,https://www.cigabuy.com/10pcs-t10-5w-bluewhitematting-home-office-halogen-capsule-light-bulb-lamp-p-17511.html,$0.35,$1.69 
1/2/4 pcs EU Plug Digital Display Energy Saving Timer Programmable Timer Socket,https://www.cigabuy.com/124-pcs-eu-plug-digital-display-energy-saving-timer-programmable-timer-socket-p-17563.html,$2.89,$5.00 
E27 12V 7W Natural White Intelligent Emergency LED Light Bulbs,https://www.cigabuy.com/e27-12v-7w-natural-white-intelligent-emergency-led-light-bulbs-p-17582.html,$1.05,$2.76 
10m DIY Automatic Drip & Micro Sprinkler Kit Plant Garden Irrigation System,https://www.cigabuy.com/10m-diy-automatic-drip-micro-sprinkler-kit-plant-garden-irrigation-system-p-17566.html,$0.87,$3.51 
Netac U905 Retractable 32GB High Speed USB 2.0 Flash Drive,https://www.cigabuy.com/netac-u905-retractable-32gb-high-speed-usb-20-flash-drive-p-17575.html,$1.82,$5.64 
Authentic Dovpo Variant RDA 24mm - Silver,https://www.cigabuy.com/authentic-dovpo-variant-rda-24mm-silver-p-16701.html,,$29.85
5-in-1 Multi-Functional Mini Handheld Car Air Pump,https://www.cigabuy.com/5-in-1-multi-functional-mini-handheld-car-air-pump-p-14854.html,$4.35,$29.08 
Authentic Uwell Crown 4 5/6ML Sub-ohm Tank Atomizer - Silver,https://www.cigabuy.com/authentic-uwell-crown-4-56ml-sub-ohm-tank-atomizer-silver-p-13398.html,,$38.91
Authentic Geekvape Aegis Solo 100W TC Box Mod - Red,https://www.cigabuy.com/authentic-geekvape-aegis-solo-100w-tc-box-mod-red-p-14359.html,,$46.44
Authentic THC Tauren Solo RDA 24mm - Gunmetal,https://www.cigabuy.com/authentic-thc-tauren-solo-rda-24mm-gunmetal-p-14334.html,,$34.68
JM-PJ1010 10 in 1 Multifunctional Pliers Outdoor Folding Plier With Knife,https://www.cigabuy.com/jm-pj1010-10-in-1-multifunctional-pliers-outdoor-folding-plier-with-knife-p-14549.html,$1.06,$17.71 
5 x Authentic Smok TFV8 Baby M2 V8-Baby M2 Dual Coil Head 0.15Ohm,https://www.cigabuy.com/5-x-authentic-smok-tfv8-baby-m2-v8-baby-m2-dual-coil-head-015ohm-p-9764.html,$7.86,$12.19 
4 x Authentic Uwell Crown III 3 0.25ohm Replacement Coil Head,https://www.cigabuy.com/4-x-authentic-uwell-crown-iii-3-025ohm-replacement-coil-head-p-10312.html,$6.72,$10.18 
1/2 pcs Magnetic Therapy Posture Corrector Brace Shoulder Back Support Belt,https://www.cigabuy.com/12-pcs-magnetic-therapy-posture-corrector-brace-shoulder-back-support-belt-p-12305.html,$1.84,$13.20 
5 x Smok V8 Baby Q2 Dual Coil Head 0.4Ohm for TFV8 Baby RTA,https://www.cigabuy.com/5-x-smok-v8-baby-q2-dual-coil-head-04ohm-for-tfv8-baby-rta-p-9202.html,$7.86,$13.91 
Authentic Joyetech Riftcore Duo RTA 3.5ML - Blue,https://www.cigabuy.com/authentic-joyetech-riftcore-duo-rta-35ml-blue-p-12624.html,$5.69,$49.29 
Authentic OXVA Arbiter RTA - Gunmetal,https://www.cigabuy.com/authentic-oxva-arbiter-rta-gunmetal-p-20405.html,$22.80,$25.87 
Authentic Lost vape Thelema 80W Pod Kit 4ml - Black / Grain Leather,https://www.cigabuy.com/authentic-lost-vape-thelema-80w-pod-kit-4ml-black-grain-leather-p-20007.html,$20.44,$53.35 
Authentic THC Tauren Solo RDA 24mm - Silver,https://www.cigabuy.com/authentic-thc-tauren-solo-rda-24mm-silver-p-14335.html,,$34.68
